Photo Name,Pod Number,Pod Size (cm)
F01DA7A1-F51B-465C-B201-1A5333006553,1,18.285701357466063
F01DA7A1-F51B-465C-B201-1A5333006553,2,23.84530167385464
F01DA7A1-F51B-465C-B201-1A5333006553,3,11.860995475113121
F01DA7A1-F51B-465C-B201-1A5333006553,4,42.00769230769231
F01DA7A1-F51B-465C-B201-1A5333006553,5,27.181447963800906
F01DA7A1-F51B-465C-B201-1A5333006553,6,509.907458021069
